Drink, Price $, Size 
Batch One Vodka, $19.99, 1.75 L 
Tito's Handmade Vodka, $28.99, 1.75 L 
Jim Beam Bourbon, $19.99, 1.75 L 
Jagermeister Cold Brew, $21.99, 750 ml 
Ketel One Vodka, $32.99, 1.75 L 
Maker's Mark Bourbon, $19.99, 750 ml 
Grey Goose Vodka, $19.99, 750 ml 
Templeton Rye 4yr with Whiskey Stones, , 750 ml 
Ketel One Vodka, $18.99, 750 ml 
Johnnie Walker Black Label, $49.99, 1.75 L 
Macallan 12 year old Traditional, $69.99, 750 ml 
Knob Creek Kentucky Straight Bourbon, $22.99, 750 ml 
Basil Hayden's Kentucky Straight Bourbon, $29.99, 750 ml 
Tanqueray London Dry Gin, $29.99, 1.75 L 
Tanqueray London Dry Gin, $19.99, 750 ml 
Maker's Mark Bourbon, $39.99, 1.75 L 
Bulleit Bourbon, $36.99, 1.75 L 
McCleary Irish Cream Liqueur Gift Set, $9.99, 750 ml 
Crown Royal Canadian Whisky, $38.99, 1.75 L 
Jameson Blended Irish Whiskey, $37.99, 1.75 L 
Johnnie Walker Black Label, $29.99, 750 ml 
Glenlivet 12 Year Old, $29.99, 750 ml 
Bailey's Irish Cream, $17.99, 750 ml 
Chivas Regal 12 Year Old Blended Scotch, $21.99, 750 ml 
